WKT,my_polygon,
"POLYGON ((-0.246031746031746 0.612698412698413,0.058730158730159 0.619047619047619,0.334920634920635 0.396825396825397,0.350793650793651 0.044444444444444,0.128571428571429 -0.209523809523809,-0.217460317460318 -0.212698412698413,-0.490476190476191 0.092063492063492,-0.50952380952381 0.463492063492064,-0.246031746031746 0.612698412698413))",polygon1
