WKT,other_poly,
"POLYGON ((-1.36031746031746 0.365079365079365,-1.096825396825397 0.625396825396825,-0.671428571428571 0.66031746031746,-0.366666666666667 0.409523809523809,-0.315873015873016 -0.050793650793651,-0.636507936507936 -0.346031746031746,-1.080952380952381 -0.260317460317461,-1.484126984126984 -0.015873015873016,-1.36031746031746 0.365079365079365))",other_polygon
